encoding,arquitectura,learning_rate,epochs,batch_size,tiempo_entrenamiento_s,porcentaje_exito
onehot,"[784, 30, 10]",0.5,3,5,1.79,63.0
onehot,"[784, 30, 10]",0.5,3,10,1.66,56.0
onehot,"[784, 30, 10]",0.5,3,30,1.63,33.0
onehot,"[784, 30, 10]",0.5,3,100,1.66,19.0
onehot,"[784, 30, 10]",0.5,10,5,5.7,88.0
onehot,"[784, 30, 10]",0.5,10,10,5.6,70.0
onehot,"[784, 30, 10]",0.5,10,30,5.44,50.0
onehot,"[784, 30, 10]",0.5,10,100,5.44,26.0
onehot,"[784, 30, 10]",0.5,50,5,28.06,91.0
onehot,"[784, 30, 10]",0.5,50,10,27.79,85.0
onehot,"[784, 30, 10]",0.5,50,30,27.6,88.0
onehot,"[784, 30, 10]",0.5,50,100,27.3,77.0
onehot,"[784, 30, 10]",0.5,100,5,56.68,89.0
onehot,"[784, 30, 10]",0.5,100,10,55.79,85.0
onehot,"[784, 30, 10]",0.5,100,30,54.92,88.0
onehot,"[784, 30, 10]",0.5,100,100,54.16,65.0
onehot,"[784, 30, 10]",1.0,3,5,1.69,73.0
onehot,"[784, 30, 10]",1.0,3,10,1.65,72.0
onehot,"[784, 30, 10]",1.0,3,30,1.62,56.0
onehot,"[784, 30, 10]",1.0,3,100,1.65,19.0
onehot,"[784, 30, 10]",1.0,10,5,5.82,84.0
onehot,"[784, 30, 10]",1.0,10,10,5.81,83.0
onehot,"[784, 30, 10]",1.0,10,30,5.5,75.0
onehot,"[784, 30, 10]",1.0,10,100,5.57,68.0
onehot,"[784, 30, 10]",1.0,50,5,29.69,86.0
onehot,"[784, 30, 10]",1.0,50,10,28.9,87.0
onehot,"[784, 30, 10]",1.0,50,30,27.69,94.0
onehot,"[784, 30, 10]",1.0,50,100,27.62,87.0
onehot,"[784, 30, 10]",1.0,100,5,56.54,93.0
onehot,"[784, 30, 10]",1.0,100,10,55.94,88.0
onehot,"[784, 30, 10]",1.0,100,30,55.12,86.0
onehot,"[784, 30, 10]",1.0,100,100,54.79,86.0
onehot,"[784, 30, 10]",3.0,3,5,1.82,88.0
onehot,"[784, 30, 10]",3.0,3,10,1.77,85.0
onehot,"[784, 30, 10]",3.0,3,30,1.7,70.0
onehot,"[784, 30, 10]",3.0,3,100,1.63,58.0
onehot,"[784, 30, 10]",3.0,10,5,5.7,84.0
onehot,"[784, 30, 10]",3.0,10,10,5.57,86.0
onehot,"[784, 30, 10]",3.0,10,30,5.52,76.0
onehot,"[784, 30, 10]",3.0,10,100,5.55,69.0
onehot,"[784, 30, 10]",3.0,50,5,28.77,92.0
onehot,"[784, 30, 10]",3.0,50,10,28.09,86.0
onehot,"[784, 30, 10]",3.0,50,30,27.4,91.0
onehot,"[784, 30, 10]",3.0,50,100,27.33,88.0
onehot,"[784, 30, 10]",3.0,100,5,57.6,89.0
onehot,"[784, 30, 10]",3.0,100,10,55.59,86.0
onehot,"[784, 30, 10]",3.0,100,30,55.14,97.0
onehot,"[784, 30, 10]",3.0,100,100,55.43,84.0
onehot,"[784, 30, 10]",10.0,3,5,1.72,81.0
onehot,"[784, 30, 10]",10.0,3,10,1.67,78.0
onehot,"[784, 30, 10]",10.0,3,30,1.64,82.0
onehot,"[784, 30, 10]",10.0,3,100,1.65,74.0
onehot,"[784, 30, 10]",10.0,10,5,5.72,81.0
onehot,"[784, 30, 10]",10.0,10,10,5.59,93.0
onehot,"[784, 30, 10]",10.0,10,30,5.49,90.0
onehot,"[784, 30, 10]",10.0,10,100,5.5,79.0
onehot,"[784, 30, 10]",10.0,50,5,29.46,87.0
onehot,"[784, 30, 10]",10.0,50,10,28.18,83.0
onehot,"[784, 30, 10]",10.0,50,30,27.78,91.0
onehot,"[784, 30, 10]",10.0,50,100,27.67,74.0
onehot,"[784, 30, 10]",10.0,100,5,57.85,88.0
onehot,"[784, 30, 10]",10.0,100,10,55.93,92.0
onehot,"[784, 30, 10]",10.0,100,30,55.16,95.0
onehot,"[784, 30, 10]",10.0,100,100,55.14,84.0
onehot,"[784, 50, 10]",0.5,3,5,2.53,67.0
onehot,"[784, 50, 10]",0.5,3,10,2.47,55.0
onehot,"[784, 50, 10]",0.5,3,30,2.43,50.0
onehot,"[784, 50, 10]",0.5,3,100,2.43,23.0
onehot,"[784, 50, 10]",0.5,10,5,8.39,71.0
onehot,"[784, 50, 10]",0.5,10,10,8.33,76.0
onehot,"[784, 50, 10]",0.5,10,30,8.4,52.0
onehot,"[784, 50, 10]",0.5,10,100,8.62,35.0
onehot,"[784, 50, 10]",0.5,50,5,42.34,89.0
onehot,"[784, 50, 10]",0.5,50,10,41.69,75.0
onehot,"[784, 50, 10]",0.5,50,30,41.28,72.0
onehot,"[784, 50, 10]",0.5,50,100,40.76,63.0
onehot,"[784, 50, 10]",0.5,100,5,84.79,89.0
onehot,"[784, 50, 10]",0.5,100,10,82.7,88.0
onehot,"[784, 50, 10]",0.5,100,30,83.38,68.0
onehot,"[784, 50, 10]",0.5,100,100,83.35,68.0
onehot,"[784, 50, 10]",1.0,3,5,2.54,76.0
onehot,"[784, 50, 10]",1.0,3,10,2.64,45.0
onehot,"[784, 50, 10]",1.0,3,30,2.63,37.0
onehot,"[784, 50, 10]",1.0,3,100,2.58,17.0
onehot,"[784, 50, 10]",1.0,10,5,9.03,90.0
onehot,"[784, 50, 10]",1.0,10,10,8.85,80.0
onehot,"[784, 50, 10]",1.0,10,30,8.14,60.0
onehot,"[784, 50, 10]",1.0,10,100,8.1,44.0
onehot,"[784, 50, 10]",1.0,50,5,42.51,86.0
onehot,"[784, 50, 10]",1.0,50,10,41.36,89.0
onehot,"[784, 50, 10]",1.0,50,30,40.89,91.0
onehot,"[784, 50, 10]",1.0,50,100,40.44,74.0
onehot,"[784, 50, 10]",1.0,100,5,84.9,85.0
onehot,"[784, 50, 10]",1.0,100,10,83.02,90.0
onehot,"[784, 50, 10]",1.0,100,30,82.69,79.0
onehot,"[784, 50, 10]",1.0,100,100,81.62,71.0
onehot,"[784, 50, 10]",3.0,3,5,2.54,88.0
onehot,"[784, 50, 10]",3.0,3,10,2.5,58.0
onehot,"[784, 50, 10]",3.0,3,30,2.46,31.0
onehot,"[784, 50, 10]",3.0,3,100,2.44,29.0
onehot,"[784, 50, 10]",3.0,10,5,8.42,84.0
onehot,"[784, 50, 10]",3.0,10,10,8.32,83.0
onehot,"[784, 50, 10]",3.0,10,30,8.16,68.0
onehot,"[784, 50, 10]",3.0,10,100,8.18,71.0
onehot,"[784, 50, 10]",3.0,50,5,43.12,95.0
onehot,"[784, 50, 10]",3.0,50,10,41.26,87.0
onehot,"[784, 50, 10]",3.0,50,30,41.53,72.0
onehot,"[784, 50, 10]",3.0,50,100,41.43,78.0
onehot,"[784, 50, 10]",3.0,100,5,86.28,92.0
onehot,"[784, 50, 10]",3.0,100,10,82.72,80.0
onehot,"[784, 50, 10]",3.0,100,30,82.78,91.0
onehot,"[784, 50, 10]",3.0,100,100,81.29,88.0
onehot,"[784, 50, 10]",10.0,3,5,2.7,43.0
onehot,"[784, 50, 10]",10.0,3,10,2.46,72.0
onehot,"[784, 50, 10]",10.0,3,30,2.44,62.0
onehot,"[784, 50, 10]",10.0,3,100,2.44,46.0
onehot,"[784, 50, 10]",10.0,10,5,8.37,63.0
onehot,"[784, 50, 10]",10.0,10,10,8.31,80.0
onehot,"[784, 50, 10]",10.0,10,30,8.22,88.0
onehot,"[784, 50, 10]",10.0,10,100,8.12,62.0
onehot,"[784, 50, 10]",10.0,50,5,42.02,68.0
onehot,"[784, 50, 10]",10.0,50,10,41.31,95.0
onehot,"[784, 50, 10]",10.0,50,30,40.79,92.0
onehot,"[784, 50, 10]",10.0,50,100,40.71,71.0
onehot,"[784, 50, 10]",10.0,100,5,84.15,90.0
onehot,"[784, 50, 10]",10.0,100,10,82.37,86.0
onehot,"[784, 50, 10]",10.0,100,30,81.96,93.0
onehot,"[784, 50, 10]",10.0,100,100,81.11,89.0
binary,"[784, 30, 4]",0.5,3,5,1.7,67.0
binary,"[784, 30, 4]",0.5,3,10,1.65,57.0
binary,"[784, 30, 4]",0.5,3,30,1.63,44.0
binary,"[784, 30, 4]",0.5,3,100,1.62,24.0
binary,"[784, 30, 4]",0.5,10,5,5.61,73.0
binary,"[784, 30, 4]",0.5,10,10,5.52,69.0
binary,"[784, 30, 4]",0.5,10,30,5.54,47.0
binary,"[784, 30, 4]",0.5,10,100,5.39,41.0
binary,"[784, 30, 4]",0.5,50,5,28.35,87.0
binary,"[784, 30, 4]",0.5,50,10,27.99,81.0
binary,"[784, 30, 4]",0.5,50,30,27.13,68.0
binary,"[784, 30, 4]",0.5,50,100,27.0,64.0
binary,"[784, 30, 4]",0.5,100,5,57.7,79.0
binary,"[784, 30, 4]",0.5,100,10,55.74,80.0
binary,"[784, 30, 4]",0.5,100,30,55.1,80.0
binary,"[784, 30, 4]",0.5,100,100,54.3,66.0
binary,"[784, 30, 4]",1.0,3,5,1.69,66.0
binary,"[784, 30, 4]",1.0,3,10,1.66,67.0
binary,"[784, 30, 4]",1.0,3,30,1.63,54.0
binary,"[784, 30, 4]",1.0,3,100,1.65,32.0
binary,"[784, 30, 4]",1.0,10,5,5.67,81.0
binary,"[784, 30, 4]",1.0,10,10,5.55,68.0
binary,"[784, 30, 4]",1.0,10,30,5.43,63.0
binary,"[784, 30, 4]",1.0,10,100,5.41,58.0
binary,"[784, 30, 4]",1.0,50,5,28.24,76.0
binary,"[784, 30, 4]",1.0,50,10,27.86,82.0
binary,"[784, 30, 4]",1.0,50,30,27.38,76.0
binary,"[784, 30, 4]",1.0,50,100,27.13,73.0
binary,"[784, 30, 4]",1.0,100,5,56.59,82.0
binary,"[784, 30, 4]",1.0,100,10,55.6,83.0
binary,"[784, 30, 4]",1.0,100,30,55.65,70.0
binary,"[784, 30, 4]",1.0,100,100,55.11,81.0
binary,"[784, 30, 4]",3.0,3,5,1.71,77.0
binary,"[784, 30, 4]",3.0,3,10,1.74,70.0
binary,"[784, 30, 4]",3.0,3,30,1.62,59.0
binary,"[784, 30, 4]",3.0,3,100,1.64,49.0
binary,"[784, 30, 4]",3.0,10,5,5.7,81.0
binary,"[784, 30, 4]",3.0,10,10,5.53,84.0
binary,"[784, 30, 4]",3.0,10,30,5.49,86.0
binary,"[784, 30, 4]",3.0,10,100,5.41,68.0
binary,"[784, 30, 4]",3.0,50,5,28.04,85.0
binary,"[784, 30, 4]",3.0,50,10,27.93,86.0
binary,"[784, 30, 4]",3.0,50,30,27.36,83.0
binary,"[784, 30, 4]",3.0,50,100,27.01,75.0
binary,"[784, 30, 4]",3.0,100,5,58.02,79.0
binary,"[784, 30, 4]",3.0,100,10,54.96,77.0
binary,"[784, 30, 4]",3.0,100,30,53.35,80.0
binary,"[784, 30, 4]",3.0,100,100,52.66,79.0
binary,"[784, 30, 4]",10.0,3,5,1.64,72.0
binary,"[784, 30, 4]",10.0,3,10,1.61,82.0
binary,"[784, 30, 4]",10.0,3,30,1.59,75.0
binary,"[784, 30, 4]",10.0,3,100,1.58,68.0
binary,"[784, 30, 4]",10.0,10,5,5.47,73.0
binary,"[784, 30, 4]",10.0,10,10,5.35,83.0
binary,"[784, 30, 4]",10.0,10,30,5.29,86.0
binary,"[784, 30, 4]",10.0,10,100,5.27,75.0
binary,"[784, 30, 4]",10.0,50,5,27.45,87.0
binary,"[784, 30, 4]",10.0,50,10,26.86,88.0
binary,"[784, 30, 4]",10.0,50,30,26.48,82.0
binary,"[784, 30, 4]",10.0,50,100,26.35,88.0
binary,"[784, 30, 4]",10.0,100,5,54.62,92.0
binary,"[784, 30, 4]",10.0,100,10,53.49,82.0
binary,"[784, 30, 4]",10.0,100,30,52.45,88.0
binary,"[784, 30, 4]",10.0,100,100,52.27,89.0
binary,"[784, 50, 4]",0.5,3,5,2.39,68.0
binary,"[784, 50, 4]",0.5,3,10,2.49,44.0
binary,"[784, 50, 4]",0.5,3,30,2.33,32.0
binary,"[784, 50, 4]",0.5,3,100,2.31,28.0
binary,"[784, 50, 4]",0.5,10,5,7.94,76.0
binary,"[784, 50, 4]",0.5,10,10,7.82,71.0
binary,"[784, 50, 4]",0.5,10,30,7.74,45.0
binary,"[784, 50, 4]",0.5,10,100,7.77,40.0
binary,"[784, 50, 4]",0.5,50,5,40.1,79.0
binary,"[784, 50, 4]",0.5,50,10,39.19,74.0
binary,"[784, 50, 4]",0.5,50,30,38.89,73.0
binary,"[784, 50, 4]",0.5,50,100,41.82,66.0
binary,"[784, 50, 4]",0.5,100,5,87.18,74.0
binary,"[784, 50, 4]",0.5,100,10,82.21,74.0
binary,"[784, 50, 4]",0.5,100,30,80.32,72.0
binary,"[784, 50, 4]",0.5,100,100,80.55,62.0
binary,"[784, 50, 4]",1.0,3,5,2.49,73.0
binary,"[784, 50, 4]",1.0,3,10,2.45,59.0
binary,"[784, 50, 4]",1.0,3,30,2.43,49.0
binary,"[784, 50, 4]",1.0,3,100,2.44,33.0
binary,"[784, 50, 4]",1.0,10,5,8.4,77.0
binary,"[784, 50, 4]",1.0,10,10,8.16,76.0
binary,"[784, 50, 4]",1.0,10,30,8.05,77.0
binary,"[784, 50, 4]",1.0,10,100,8.02,58.0
binary,"[784, 50, 4]",1.0,50,5,41.9,80.0
binary,"[784, 50, 4]",1.0,50,10,40.77,80.0
binary,"[784, 50, 4]",1.0,50,30,40.98,77.0
binary,"[784, 50, 4]",1.0,50,100,40.06,68.0
binary,"[784, 50, 4]",1.0,100,5,82.97,82.0
binary,"[784, 50, 4]",1.0,100,10,580.1,79.0
binary,"[784, 50, 4]",1.0,100,30,80.82,82.0
binary,"[784, 50, 4]",1.0,100,100,79.07,78.0
binary,"[784, 50, 4]",3.0,3,5,2.43,78.0
binary,"[784, 50, 4]",3.0,3,10,2.41,76.0
binary,"[784, 50, 4]",3.0,3,30,2.37,72.0
binary,"[784, 50, 4]",3.0,3,100,2.35,48.0
binary,"[784, 50, 4]",3.0,10,5,8.13,80.0
binary,"[784, 50, 4]",3.0,10,10,7.95,83.0
binary,"[784, 50, 4]",3.0,10,30,7.88,69.0
binary,"[784, 50, 4]",3.0,10,100,7.83,73.0
binary,"[784, 50, 4]",3.0,50,5,43.56,83.0
binary,"[784, 50, 4]",3.0,50,10,42.64,78.0
binary,"[784, 50, 4]",3.0,50,30,43.32,79.0
binary,"[784, 50, 4]",3.0,50,100,47.56,81.0
binary,"[784, 50, 4]",3.0,100,5,95.39,82.0
binary,"[784, 50, 4]",3.0,100,10,94.75,85.0
binary,"[784, 50, 4]",3.0,100,30,96.05,79.0
binary,"[784, 50, 4]",3.0,100,100,90.17,80.0
binary,"[784, 50, 4]",10.0,3,5,2.7,71.0
binary,"[784, 50, 4]",10.0,3,10,2.7,76.0
binary,"[784, 50, 4]",10.0,3,30,2.7,73.0
binary,"[784, 50, 4]",10.0,3,100,2.59,69.0
binary,"[784, 50, 4]",10.0,10,5,9.08,80.0
binary,"[784, 50, 4]",10.0,10,10,8.97,88.0
binary,"[784, 50, 4]",10.0,10,30,8.97,84.0
binary,"[784, 50, 4]",10.0,10,100,8.51,74.0
binary,"[784, 50, 4]",10.0,50,5,45.12,80.0
binary,"[784, 50, 4]",10.0,50,10,44.8,93.0
binary,"[784, 50, 4]",10.0,50,30,44.66,81.0
binary,"[784, 50, 4]",10.0,50,100,45.85,90.0
binary,"[784, 50, 4]",10.0,100,5,97.0,83.0
binary,"[784, 50, 4]",10.0,100,10,92.27,84.0
binary,"[784, 50, 4]",10.0,100,30,87.2,85.0
binary,"[784, 50, 4]",10.0,100,100,88.82,80.0
