architecture,learning_rate,epochs,batch_size,time_sec,accuracy_%
One-hot (10 salidas),0.5,3,5,2.728747844696045,66.0
One-hot (10 salidas),0.5,3,10,2.5520758628845215,55.00000000000001
One-hot (10 salidas),0.5,3,30,2.4222543239593506,42.0
One-hot (10 salidas),0.5,3,100,2.4397740364074707,28.000000000000004
One-hot (10 salidas),0.5,10,5,9.099669694900513,87.0
One-hot (10 salidas),0.5,10,10,8.551088094711304,71.0
One-hot (10 salidas),0.5,10,30,8.187013149261475,49.0
One-hot (10 salidas),0.5,10,100,8.050245523452759,38.0
One-hot (10 salidas),0.5,50,5,46.055556535720825,85.0
One-hot (10 salidas),0.5,50,10,43.99287414550781,90.0
One-hot (10 salidas),0.5,50,30,42.64493203163147,87.0
One-hot (10 salidas),0.5,50,100,42.46851396560669,52.0
One-hot (10 salidas),0.5,100,5,94.28955841064453,88.0
One-hot (10 salidas),0.5,100,10,88.96572613716125,89.0
One-hot (10 salidas),0.5,100,30,85.01304745674133,74.0
One-hot (10 salidas),0.5,100,100,84.18406558036804,70.0
One-hot (10 salidas),1.0,3,5,2.755544662475586,74.0
One-hot (10 salidas),1.0,3,10,2.6450634002685547,61.0
One-hot (10 salidas),1.0,3,30,2.583908796310425,56.00000000000001
One-hot (10 salidas),1.0,3,100,2.602170944213867,27.0
One-hot (10 salidas),1.0,10,5,9.661239624023438,87.0
One-hot (10 salidas),1.0,10,10,9.000674962997437,76.0
One-hot (10 salidas),1.0,10,30,8.614235639572144,76.0
One-hot (10 salidas),1.0,10,100,8.53574824333191,32.0
One-hot (10 salidas),1.0,50,5,47.189661502838135,92.0
One-hot (10 salidas),1.0,50,10,44.41782855987549,77.0
One-hot (10 salidas),1.0,50,30,41.77218198776245,87.0
One-hot (10 salidas),1.0,50,100,42.22999620437622,89.0
One-hot (10 salidas),1.0,100,5,93.91230058670044,84.0
One-hot (10 salidas),1.0,100,10,89.41153264045715,92.0
One-hot (10 salidas),1.0,100,30,84.44558930397034,85.0
One-hot (10 salidas),1.0,100,100,83.26453995704651,87.0
One-hot (10 salidas),3.0,3,5,2.831085681915283,82.0
One-hot (10 salidas),3.0,3,10,2.6795647144317627,81.0
One-hot (10 salidas),3.0,3,30,2.5766761302948,80.0
One-hot (10 salidas),3.0,3,100,2.5639166831970215,34.0
One-hot (10 salidas),3.0,10,5,9.528932094573975,95.0
One-hot (10 salidas),3.0,10,10,9.061065435409546,89.0
One-hot (10 salidas),3.0,10,30,8.616765260696411,79.0
One-hot (10 salidas),3.0,10,100,8.29257583618164,72.0
One-hot (10 salidas),3.0,50,5,47.24691200256348,81.0
One-hot (10 salidas),3.0,50,10,44.672863245010376,90.0
One-hot (10 salidas),3.0,50,30,42.54608488082886,87.0
One-hot (10 salidas),3.0,50,100,42.41742539405823,94.0
One-hot (10 salidas),3.0,100,5,93.91401767730713,86.0
One-hot (10 salidas),3.0,100,10,89.15827488899231,90.0
One-hot (10 salidas),3.0,100,30,85.5256085395813,86.0
One-hot (10 salidas),3.0,100,100,84.81910800933838,92.0
One-hot (10 salidas),10.0,3,5,2.873180389404297,85.0
One-hot (10 salidas),10.0,3,10,2.6818923950195312,90.0
One-hot (10 salidas),10.0,3,30,2.5643773078918457,84.0
One-hot (10 salidas),10.0,3,100,2.544858694076538,54.0
One-hot (10 salidas),10.0,10,5,9.401336669921875,78.0
One-hot (10 salidas),10.0,10,10,8.78128433227539,88.0
One-hot (10 salidas),10.0,10,30,8.517970561981201,89.0
One-hot (10 salidas),10.0,10,100,8.455939769744873,68.0
One-hot (10 salidas),10.0,50,5,46.70591926574707,91.0
One-hot (10 salidas),10.0,50,10,44.29360294342041,91.0
One-hot (10 salidas),10.0,50,30,42.71253228187561,89.0
One-hot (10 salidas),10.0,50,100,42.22597575187683,77.0
One-hot (10 salidas),10.0,100,5,95.52922296524048,96.0
One-hot (10 salidas),10.0,100,10,89.25119113922119,92.0
One-hot (10 salidas),10.0,100,30,85.14232039451599,88.0
One-hot (10 salidas),10.0,100,100,84.43533182144165,86.0
Binario (4 salidas),0.5,3,5,2.8565540313720703,72.0
Binario (4 salidas),0.5,3,10,2.6678483486175537,51.0
Binario (4 salidas),0.5,3,30,2.5163559913635254,43.0
Binario (4 salidas),0.5,3,100,2.4934306144714355,22.0
Binario (4 salidas),0.5,10,5,9.45327091217041,76.0
Binario (4 salidas),0.5,10,10,8.857500076293945,74.0
Binario (4 salidas),0.5,10,30,8.462743043899536,59.0
Binario (4 salidas),0.5,10,100,8.428141832351685,27.0
Binario (4 salidas),0.5,50,5,47.21093392372131,76.0
Binario (4 salidas),0.5,50,10,43.738271713256836,77.0
Binario (4 salidas),0.5,50,30,42.1346001625061,79.0
Binario (4 salidas),0.5,50,100,40.871803760528564,55.00000000000001
Binario (4 salidas),0.5,100,5,93.14583587646484,81.0
Binario (4 salidas),0.5,100,10,87.63490414619446,81.0
Binario (4 salidas),0.5,100,30,83.94349932670593,77.0
Binario (4 salidas),0.5,100,100,83.1441969871521,66.0
Binario (4 salidas),1.0,3,5,2.7890424728393555,70.0
Binario (4 salidas),1.0,3,10,2.610788583755493,65.0
Binario (4 salidas),1.0,3,30,2.4989547729492188,52.0
Binario (4 salidas),1.0,3,100,2.4690327644348145,41.0
Binario (4 salidas),1.0,10,5,9.34609580039978,77.0
Binario (4 salidas),1.0,10,10,8.724065780639648,78.0
Binario (4 salidas),1.0,10,30,8.360350608825684,68.0
Binario (4 salidas),1.0,10,100,8.20254135131836,40.0
Binario (4 salidas),1.0,50,5,46.71540284156799,87.0
Binario (4 salidas),1.0,50,10,43.666677951812744,85.0
Binario (4 salidas),1.0,50,30,42.08608388900757,77.0
Binario (4 salidas),1.0,50,100,41.81793570518494,74.0
Binario (4 salidas),1.0,100,5,93.38115811347961,74.0
Binario (4 salidas),1.0,100,10,88.25739073753357,83.0
Binario (4 salidas),1.0,100,30,84.07334518432617,72.0
Binario (4 salidas),1.0,100,100,82.87492251396179,80.0
Binario (4 salidas),3.0,3,5,2.7670717239379883,71.0
Binario (4 salidas),3.0,3,10,2.5957181453704834,72.0
Binario (4 salidas),3.0,3,30,2.4865100383758545,62.0
Binario (4 salidas),3.0,3,100,2.4536616802215576,47.0
Binario (4 salidas),3.0,10,5,9.374500036239624,83.0
Binario (4 salidas),3.0,10,10,8.841054439544678,76.0
Binario (4 salidas),3.0,10,30,8.460254907608032,71.0
Binario (4 salidas),3.0,10,100,8.274256229400635,69.0
Binario (4 salidas),3.0,50,5,46.6235830783844,89.0
Binario (4 salidas),3.0,50,10,43.81227254867554,85.0
Binario (4 salidas),3.0,50,30,42.10900068283081,86.0
Binario (4 salidas),3.0,50,100,41.66994500160217,79.0
Binario (4 salidas),3.0,100,5,93.1392605304718,86.0
Binario (4 salidas),3.0,100,10,87.84719038009644,70.0
Binario (4 salidas),3.0,100,30,84.32838106155396,85.0
Binario (4 salidas),3.0,100,100,82.94792580604553,79.0
Binario (4 salidas),10.0,3,5,2.7940118312835693,63.0
Binario (4 salidas),10.0,3,10,2.6332294940948486,80.0
Binario (4 salidas),10.0,3,30,2.5495166778564453,71.0
Binario (4 salidas),10.0,3,100,2.488271713256836,57.99999999999999
Binario (4 salidas),10.0,10,5,9.279568433761597,86.0
Binario (4 salidas),10.0,10,10,8.717443466186523,87.0
Binario (4 salidas),10.0,10,30,8.40828561782837,78.0
Binario (4 salidas),10.0,10,100,8.356687068939209,82.0
Binario (4 salidas),10.0,50,5,47.23173141479492,89.0
Binario (4 salidas),10.0,50,10,43.67996835708618,85.0
Binario (4 salidas),10.0,50,30,42.148921489715576,80.0
Binario (4 salidas),10.0,50,100,41.62466216087341,77.0
Binario (4 salidas),10.0,100,5,93.96564626693726,88.0
Binario (4 salidas),10.0,100,10,88.04340767860413,93.0
Binario (4 salidas),10.0,100,30,83.97972702980042,85.0
Binario (4 salidas),10.0,100,100,83.28387427330017,78.0
